{
  "metadata": {
    "track": "Russian",
    "version": "2.0",
    "total_laps": 53,
    "created_at": "2025-08-20T03:32:07.130352"
  },
  "feature_medians": {
    "LapNumber": 27.0,
    "Stint": 2.0,
    "SpeedI1": 251.0,
    "SpeedI2": 299.0,
    "SpeedFL": 161.0,
    "SpeedST": 296.0,
    "TyreLife": 14.0,
    "Position": 10.0,
    "TrackTemp": 31.7,
    "AirTemp": 22.799999999999997,
    "Humidity": 62.5,
    "Pressure": 1016.6,
    "WindDirection": 226.0,
    "WindSpeed": 1.5,
    "LapTime_Delta": -0.03900000000000148,
    "SpeedI1_Delta": 0.6666666666666856,
    "TyreWear_Rate": -0.03571428571428571,
    "TyreWear": 32.0,
    "Rainfall": 0.0
  },
  "dry_strategy_params": {
    "ml_hyper_parameters": {
      "n_estimators": 459,
      "max_depth": 6,
      "learning_rate": 0.14352596605187498,
      "subsample": 0.5091555752799211,
      "colsample_bytree": 0.6126567683346049,
      "gamma": 4.928627496299299,
      "reg_alpha": 0.9158527736436856,
      "reg_lambda": 0.19130753185879723,
      "scale_pos_weight": 3.7468783174286155
    },
    "pit_proba_threshold": 0.2291175127029419,
    "TyreLife_threshold": 20.0,
    "compound_choice_thresholds": {
      "t1": 36.0,
      "t2": 52,
      "t3": 2,
      "accuracy": 0.54
    },
    "pit_stop_time": 30.471293333333335,
    "compound_performance": {
      "MEDIUM": {
        "base_pace": 0.98,
        "degradation_rate": 0.022,
        "optimal_stint": 21,
        "min_stint": 8
      },
      "SOFT": {
        "base_pace": 1.0,
        "degradation_rate": 0.035,
        "optimal_stint": 20,
        "min_stint": 8
      },
      "HARD": {
        "base_pace": 0.96,
        "degradation_rate": 0.013,
        "optimal_stint": 24,
        "min_stint": 8
      }
    }
  },
  "wet_strategy_params": {
    "pit_stop_time": 31.976153846153846,
    "compound_performance": {
      "WET": {
        "base_pace": 0.75,
        "degradation_rate": 0.08,
        "optimal_stint": 12,
        "min_stint": 5
      },
      "INTERMEDIATE": {
        "base_pace": 0.85,
        "degradation_rate": 0.045,
        "optimal_stint": 20,
        "min_stint": 5
      }
    }
  }
}