{
  "metadata": {
    "track": "Sao_Paulo",
    "version": "2.0",
    "total_laps": 71,
    "created_at": "2025-08-13T08:22:05.442300"
  },
  "feature_medians": {
    "LapNumber": 32.0,
    "Stint": 2.0,
    "SpeedI1": 266.0,
    "SpeedI2": 256.0,
    "SpeedFL": 276.0,
    "SpeedST": 304.0,
    "TyreLife": 14.0,
    "Position": 10.0,
    "TrackTemp": 47.9,
    "AirTemp": 30.0,
    "Humidity": 56.2,
    "Pressure": 997.7,
    "WindDirection": 194.0,
    "WindSpeed": 1.5,
    "LapTime_Delta": 0.0,
    "SpeedI1_Delta": 0.6666666666666572,
    "TyreWear_Rate": -0.02857142857142857,
    "TyreWear": 13.0,
    "Rainfall": 0.0
  },
  "dry_strategy_params": {
    "ml_hyper_parameters": {
      "n_estimators": 488,
      "max_depth": 11,
      "learning_rate": 0.09068218959874771,
      "subsample": 0.6201826097554456,
      "colsample_bytree": 0.6606223878234705,
      "gamma": 2.033799701899688,
      "reg_alpha": 0.1902163232805455,
      "reg_lambda": 0.813548825083329,
      "scale_pos_weight": 4.268439240559678
    },
    "pit_proba_threshold": 0.4214217960834503,
    "TyreLife_threshold": 20.0,
    "pit_stop_time": 22.0,
    "compound_performance": {
      "SOFT": {
        "base_pace": 1.0,
        "degradation_rate": 0.08,
        "optimal_stint": 19,
        "min_stint": 8,
        "temp_threshold": 31.211111111111112
      },
      "MEDIUM": {
        "base_pace": 0.98,
        "degradation_rate": 0.0721298511414688,
        "optimal_stint": 20,
        "min_stint": 8,
        "temp_threshold": 31.211111111111112
      },
      "HARD": {
        "base_pace": 0.96,
        "degradation_rate": 0.05050649203796449,
        "optimal_stint": 23,
        "min_stint": 8,
        "temp_threshold": 27.166666666666668
      }
    }
  },
  "wet_strategy_params": {
    "pit_stop_time": 22.0,
    "compound_performance": {
      "INTERMEDIATE": {
        "base_pace": 0.85,
        "degradation_rate": 0.08,
        "optimal_stint": 20,
        "min_stint": 5,
        "temp_threshold": 21.28888888888889
      },
      "WET": {
        "base_pace": 0.75,
        "degradation_rate": 0.08,
        "optimal_stint": 12,
        "min_stint": 5,
        "temp_threshold": 20.645
      }
    }
  }
}